Bulan,Sum Bunga(IPMT),SUMPokok(PPMT)
1,"Rp375,000.00","Rp74,862.98"
2,"Rp374,438.53","Rp75,424.45"
3,"Rp373,872.84","Rp75,990.13"
4,"Rp373,302.92","Rp76,560.06"
5,"Rp372,728.72","Rp77,134.26"
6,"Rp372,150.21","Rp77,712.77"
7,"Rp371,567.37","Rp78,295.61"
8,"Rp370,980.15","Rp78,882.83"
9,"Rp370,388.53","Rp79,474.45"
10,"Rp369,792.47","Rp80,070.51"
11,"Rp369,191.94","Rp80,671.04"
12,"Rp368,586.91","Rp81,276.07"
13,"Rp367,977.34","Rp81,885.64"
14,"Rp367,363.19","Rp82,499.78"
15,"Rp366,744.45","Rp83,118.53"
16,"Rp366,121.06","Rp83,741.92"
17,"Rp365,492.99","Rp84,369.99"
18,"Rp364,860.22","Rp85,002.76"
19,"Rp364,222.70","Rp85,640.28"
20,"Rp363,580.39","Rp86,282.58"
21,"Rp362,933.28","Rp86,929.70"
22,"Rp362,281.30","Rp87,581.68"
23,"Rp361,624.44","Rp88,238.54"
24,"Rp360,962.65","Rp88,900.33"
25,"Rp360,295.90","Rp89,567.08"
26,"Rp359,624.15","Rp90,238.83"
27,"Rp358,947.35","Rp90,915.62"
28,"Rp358,265.49","Rp91,597.49"
29,"Rp357,578.51","Rp92,284.47"
30,"Rp356,886.37","Rp92,976.61"
31,"Rp356,189.05","Rp93,673.93"
32,"Rp355,486.49","Rp94,376.48"
33,"Rp354,778.67","Rp95,084.31"
34,"Rp354,065.54","Rp95,797.44"
35,"Rp353,347.06","Rp96,515.92"
36,"Rp352,623.19","Rp97,239.79"
37,"Rp351,893.89","Rp97,969.09"
38,"Rp351,159.12","Rp98,703.86"
39,"Rp350,418.84","Rp99,444.14"
40,"Rp349,673.01","Rp100,189.97"
41,"Rp348,921.59","Rp100,941.39"
42,"Rp348,164.53","Rp101,698.45"
43,"Rp347,401.79","Rp102,461.19"
44,"Rp346,633.33","Rp103,229.65"
45,"Rp345,859.11","Rp104,003.87"
46,"Rp345,079.08","Rp104,783.90"
47,"Rp344,293.20","Rp105,569.78"
48,"Rp343,501.42","Rp106,361.55"
49,"Rp342,703.71","Rp107,159.27"
50,"Rp341,900.02","Rp107,962.96"
51,"Rp341,090.30","Rp108,772.68"
52,"Rp340,274.50","Rp109,588.48"
53,"Rp339,452.59","Rp110,410.39"
54,"Rp338,624.51","Rp111,238.47"
55,"Rp337,790.22","Rp112,072.76"
56,"Rp336,949.67","Rp112,913.30"
57,"Rp336,102.82","Rp113,760.15"
58,"Rp335,249.62","Rp114,613.35"
59,"Rp334,390.02","Rp115,472.95"
60,"Rp333,523.98","Rp116,339.00"
61,"Rp332,651.43","Rp117,211.54"
62,"Rp331,772.35","Rp118,090.63"
63,"Rp330,886.67","Rp118,976.31"
64,"Rp329,994.35","Rp119,868.63"
65,"Rp329,095.33","Rp120,767.65"
66,"Rp328,189.57","Rp121,673.40"
67,"Rp327,277.02","Rp122,585.96"
68,"Rp326,357.63","Rp123,505.35"
69,"Rp325,431.34","Rp124,431.64"
70,"Rp324,498.10","Rp125,364.88"
71,"Rp323,557.86","Rp126,305.11"
72,"Rp322,610.58","Rp127,252.40"
73,"Rp321,656.18","Rp128,206.80"
74,"Rp320,694.63","Rp129,168.35"
75,"Rp319,725.87","Rp130,137.11"
76,"Rp318,749.84","Rp131,113.14"
77,"Rp317,766.49","Rp132,096.49"
78,"Rp316,775.77","Rp133,087.21"
79,"Rp315,777.61","Rp134,085.36"
80,"Rp314,771.97","Rp135,091.00"
81,"Rp313,758.79","Rp136,104.19"
82,"Rp312,738.01","Rp137,124.97"
83,"Rp311,709.57","Rp138,153.41"
84,"Rp310,673.42","Rp139,189.56"
85,"Rp309,629.50","Rp140,233.48"
86,"Rp308,577.75","Rp141,285.23"
87,"Rp307,518.11","Rp142,344.87"
88,"Rp306,450.52","Rp143,412.45"
89,"Rp305,374.93","Rp144,488.05"
90,"Rp304,291.27","Rp145,571.71"
91,"Rp303,199.48","Rp146,663.50"
92,"Rp302,099.51","Rp147,763.47"
93,"Rp300,991.28","Rp148,871.70"
94,"Rp299,874.74","Rp149,988.24"
95,"Rp298,749.83","Rp151,113.15"
96,"Rp297,616.48","Rp152,246.50"
97,"Rp296,474.63","Rp153,388.34"
98,"Rp295,324.22","Rp154,538.76"
99,"Rp294,165.18","Rp155,697.80"
100,"Rp292,997.45","Rp156,865.53"
101,"Rp291,820.96","Rp158,042.02"
102,"Rp290,635.64","Rp159,227.34"
103,"Rp289,441.43","Rp160,421.54"
104,"Rp288,238.27","Rp161,624.70"
105,"Rp287,026.09","Rp162,836.89"
106,"Rp285,804.81","Rp164,058.17"
107,"Rp284,574.38","Rp165,288.60"
108,"Rp283,334.71","Rp166,528.27"
109,"Rp282,085.75","Rp167,777.23"
110,"Rp280,827.42","Rp169,035.56"
111,"Rp279,559.65","Rp170,303.33"
112,"Rp278,282.38","Rp171,580.60"
113,"Rp276,995.52","Rp172,867.45"
114,"Rp275,699.02","Rp174,163.96"
115,"Rp274,392.79","Rp175,470.19"
116,"Rp273,076.76","Rp176,786.22"
117,"Rp271,750.86","Rp178,112.11"
118,"Rp270,415.02","Rp179,447.95"
119,"Rp269,069.16","Rp180,793.81"
120,"Rp267,713.21","Rp182,149.77"
121,"Rp266,347.09","Rp183,515.89"
122,"Rp264,970.72","Rp184,892.26"
123,"Rp263,584.03","Rp186,278.95"
124,"Rp262,186.93","Rp187,676.04"
125,"Rp260,779.36","Rp189,083.61"
126,"Rp259,361.24","Rp190,501.74"
127,"Rp257,932.47","Rp191,930.50"
128,"Rp256,492.99","Rp193,369.98"
129,"Rp255,042.72","Rp194,820.26"
130,"Rp253,581.57","Rp196,281.41"
131,"Rp252,109.46","Rp197,753.52"
132,"Rp250,626.31","Rp199,236.67"
133,"Rp249,132.03","Rp200,730.95"
134,"Rp247,626.55","Rp202,236.43"
135,"Rp246,109.78","Rp203,753.20"
136,"Rp244,581.63","Rp205,281.35"
137,"Rp243,042.02","Rp206,820.96"
138,"Rp241,490.86","Rp208,372.12"
139,"Rp239,928.07","Rp209,934.91"
140,"Rp238,353.56","Rp211,509.42"
141,"Rp236,767.24","Rp213,095.74"
142,"Rp235,169.02","Rp214,693.96"
143,"Rp233,558.81","Rp216,304.17"
144,"Rp231,936.53","Rp217,926.45"
145,"Rp230,302.08","Rp219,560.89"
146,"Rp228,655.38","Rp221,207.60"
147,"Rp226,996.32","Rp222,866.66"
148,"Rp225,324.82","Rp224,538.16"
149,"Rp223,640.78","Rp226,222.19"
150,"Rp221,944.12","Rp227,918.86"
151,"Rp220,234.73","Rp229,628.25"
152,"Rp218,512.51","Rp231,350.46"
153,"Rp216,777.39","Rp233,085.59"
154,"Rp215,029.24","Rp234,833.73"
155,"Rp213,267.99","Rp236,594.99"
156,"Rp211,493.53","Rp238,369.45"
157,"Rp209,705.76","Rp240,157.22"
158,"Rp207,904.58","Rp241,958.40"
159,"Rp206,089.89","Rp243,773.09"
160,"Rp204,261.59","Rp245,601.39"
161,"Rp202,419.58","Rp247,443.40"
162,"Rp200,563.76","Rp249,299.22"
163,"Rp198,694.01","Rp251,168.97"
164,"Rp196,810.24","Rp253,052.73"
165,"Rp194,912.35","Rp254,950.63"
166,"Rp193,000.22","Rp256,862.76"
167,"Rp191,073.75","Rp258,789.23"
168,"Rp189,132.83","Rp260,730.15"
169,"Rp187,177.35","Rp262,685.62"
170,"Rp185,207.21","Rp264,655.77"
171,"Rp183,222.29","Rp266,640.69"
172,"Rp181,222.49","Rp268,640.49"
173,"Rp179,207.68","Rp270,655.29"
174,"Rp177,177.77","Rp272,685.21"
175,"Rp175,132.63","Rp274,730.35"
176,"Rp173,072.15","Rp276,790.83"
177,"Rp170,996.22","Rp278,866.76"
178,"Rp168,904.72","Rp280,958.26"
179,"Rp166,797.53","Rp283,065.44"
180,"Rp164,674.54","Rp285,188.44"
181,"Rp162,535.63","Rp287,327.35"
182,"Rp160,380.67","Rp289,482.30"
183,"Rp158,209.56","Rp291,653.42"
184,"Rp156,022.16","Rp293,840.82"
185,"Rp153,818.35","Rp296,044.63"
186,"Rp151,598.02","Rp298,264.96"
187,"Rp149,361.03","Rp300,501.95"
188,"Rp147,107.26","Rp302,755.71"
189,"Rp144,836.60","Rp305,026.38"
190,"Rp142,548.90","Rp307,314.08"
191,"Rp140,244.04","Rp309,618.94"
192,"Rp137,921.90","Rp311,941.08"
193,"Rp135,582.34","Rp314,280.64"
194,"Rp133,225.24","Rp316,637.74"
195,"Rp130,850.45","Rp319,012.52"
196,"Rp128,457.86","Rp321,405.12"
197,"Rp126,047.32","Rp323,815.66"
198,"Rp123,618.70","Rp326,244.27"
199,"Rp121,171.87","Rp328,691.11"
200,"Rp118,706.69","Rp331,156.29"
201,"Rp116,223.02","Rp333,639.96"
202,"Rp113,720.72","Rp336,142.26"
203,"Rp111,199.65","Rp338,663.33"
204,"Rp108,659.68","Rp341,203.30"
205,"Rp106,100.65","Rp343,762.33"
206,"Rp103,522.43","Rp346,340.54"
207,"Rp100,924.88","Rp348,938.10"
208,"Rp98,307.84","Rp351,555.13"
209,"Rp95,671.18","Rp354,191.80"
210,"Rp93,014.74","Rp356,848.24"
211,"Rp90,338.38","Rp359,524.60"
212,"Rp87,641.95","Rp362,221.03"
213,"Rp84,925.29","Rp364,937.69"
214,"Rp82,188.25","Rp367,674.72"
215,"Rp79,430.69","Rp370,432.28"
216,"Rp76,652.45","Rp373,210.53"
217,"Rp73,853.37","Rp376,009.60"
218,"Rp71,033.30","Rp378,829.68"
219,"Rp68,192.08","Rp381,670.90"
220,"Rp65,329.55","Rp384,533.43"
221,"Rp62,445.55","Rp387,417.43"
222,"Rp59,539.92","Rp390,323.06"
223,"Rp56,612.49","Rp393,250.49"
224,"Rp53,663.11","Rp396,199.86"
225,"Rp50,691.62","Rp399,171.36"
226,"Rp47,697.83","Rp402,165.15"
227,"Rp44,681.59","Rp405,181.39"
228,"Rp41,642.73","Rp408,220.25"
229,"Rp38,581.08","Rp411,281.90"
230,"Rp35,496.46","Rp414,366.51"
231,"Rp32,388.72","Rp417,474.26"
232,"Rp29,257.66","Rp420,605.32"
233,"Rp26,103.12","Rp423,759.86"
234,"Rp22,924.92","Rp426,938.06"
235,"Rp19,722.88","Rp430,140.09"
236,"Rp16,496.83","Rp433,366.14"
237,"Rp13,246.59","Rp436,616.39"
238,"Rp9,971.96","Rp439,891.01"
239,"Rp6,672.78","Rp443,190.20"
240,"Rp3,348.86","Rp446,514.12"
241,#NUM!,#NUM!
242,#NUM!,#NUM!
243,#NUM!,#NUM!
244,#NUM!,#NUM!
245,#NUM!,#NUM!
246,#NUM!,#NUM!
247,#NUM!,#NUM!
248,#NUM!,#NUM!
Total Keseluruhan,#NUM!,#NUM!
